feature_name,0,2
CPU2 Temp,0.5199231872158535,0.5199231872158535
Fan2 speed,0.6376529995753865,0.6376529995753865
Fan1 speed,0.7631455411905063,0.7631455411905063
CPU1 Temp,0.9399518568597917,0.9399518568597917
Inlet Temp,0.9900322315682533,0.9900322315682533
Memory usage,1.2093960615057906,1.2093960615057906
Fan4 speed,1.239331994806718,1.239331994806718
Fan3 speed,1.5851570194970768,1.5851570194970768
Power consumption,3.875020879305795,3.875020879305795
