feature_name,0,2
Inlet Temp,0.0,0.0
CPU2 Temp,0.00028785553175289416,0.00028785553175289416
Fan3 speed,0.006523768155764965,0.006523768155764965
Fan2 speed,0.01107769386175398,0.01107769386175398
Memory usage,0.22818576289923495,0.22818576289923495
Fan1 speed,0.2535202350325571,0.2535202350325571
CPU1 Temp,0.26807878432423843,0.26807878432423843
Power consumption,0.5145030125330051,0.5145030125330051
Fan4 speed,0.9074131589773992,0.9074131589773992
