feature_name,0,2
Fan3 speed,0.0,0.0
Fan4 speed,2.1415390571145193e-05,2.1415390571145193e-05
CPU1 Temp,0.0005562491697766129,0.0005562491697766129
Fan1 speed,0.01731797391199171,0.01731797391199171
Inlet Temp,0.05087581573589423,0.05087581573589423
Power consumption,0.0892086346326755,0.0892086346326755
Memory usage,0.12451897626006649,0.12451897626006649
CPU2 Temp,0.19747603875352693,0.19747603875352693
Fan2 speed,0.5719655974804153,0.5719655974804153
