feature_name,0,2
Inlet Temp,0.0,0.0
Memory usage,0.0021003117662608583,0.0021003117662608583
Fan2 speed,0.010602978548942904,0.010602978548942904
Fan4 speed,0.012420527113358924,0.012420527113358924
Fan3 speed,0.015238314761184608,0.015238314761184608
Fan1 speed,0.01752731991542755,0.01752731991542755
CPU2 Temp,0.2284589648112453,0.2284589648112453
CPU1 Temp,0.4422244420258784,0.4422244420258784
Power consumption,2.4862260886506724,2.4862260886506724
