feature_name,0,2
Fan1 speed,0.0,0.0
Fan3 speed,0.0,0.0
CPU2 Temp,0.000702230491102628,0.000702230491102628
Memory usage,0.01325795975952775,0.01325795975952775
Fan4 speed,0.038337261145861265,0.038337261145861265
Fan2 speed,0.04246889838535959,0.04246889838535959
Inlet Temp,0.051798818396976865,0.051798818396976865
Power consumption,0.058967575283037164,0.058967575283037164
CPU1 Temp,0.0686296608707462,0.0686296608707462
