feature_name,0,3
Fan3 speed,0.0,0.0
Inlet Temp,0.00015323234908453005,0.00015323234908453005
Fan2 speed,0.0034476488022852306,0.0034476488022852306
Fan1 speed,0.02136342542831086,0.02136342542831086
CPU1 Temp,0.10813875957277241,0.10813875957277241
Memory usage,0.21068890941597704,0.21068890941597704
Fan4 speed,0.2230486783650879,0.2230486783650879
CPU2 Temp,0.34409437227156253,0.34409437227156253
Power consumption,0.6277696274401687,0.6277696274401687
