feature_name,0,2
Fan2 speed,0.0,0.0
Fan4 speed,0.0,0.0
Fan3 speed,2.9841711036650986e-05,2.9841711036650986e-05
CPU2 Temp,0.0007509492688495345,0.0007509492688495345
CPU1 Temp,0.0020890275085411903,0.0020890275085411903
Fan1 speed,0.055336843464778324,0.055336843464778324
Power consumption,0.1702438408289767,0.1702438408289767
Memory usage,0.18811858259674127,0.18811858259674127
Inlet Temp,0.23907907578748488,0.23907907578748488
