feature_name,0,2
Fan1 speed,0.0,0.0
Fan2 speed,0.0,0.0
Fan3 speed,0.0,0.0
Fan4 speed,0.0,0.0
CPU1 Temp,0.0698950248200883,0.0698950248200883
Power consumption,0.6887753466370057,0.6887753466370057
Inlet Temp,1.5622323972042786,1.5622323972042786
CPU2 Temp,7.279606190768097,7.279606190768097
Memory usage,11.571211316928041,11.571211316928041
