feature_name,0,2
Fan1 speed,0.0,0.0
Fan2 speed,0.0,0.0
Fan3 speed,0.0,0.0
Fan4 speed,0.0,0.0
Inlet Temp,2.220446049250313e-16,2.220446049250313e-16
CPU2 Temp,0.000882749332794737,0.000882749332794737
Power consumption,0.06279586748729411,0.06279586748729411
CPU1 Temp,0.09050807551354909,0.09050807551354909
Memory usage,0.13572680122532624,0.13572680122532624
