feature_name,3,6
CPU1 Temp,0.0,0.0
CPU2 Temp,0.0,0.0
Inlet Temp,0.0,0.0
Memory usage,0.007982212134935607,0.007982212134935607
Fan3 speed,0.011926939643379231,0.011926939643379231
Fan4 speed,0.048931218030939784,0.048931218030939784
Fan1 speed,0.05469553396758197,0.05469553396758197
Fan2 speed,0.05883358068349085,0.05883358068349085
Power consumption,0.13459437425048948,0.13459437425048948
