feature_name,0,2
Fan3 speed,0.014595517805249555,0.014595517805249555
CPU2 Temp,0.12191968101897221,0.12191968101897221
Fan4 speed,0.12723403502982855,0.12723403502982855
Fan2 speed,0.17689770450039616,0.17689770450039616
Power consumption,0.32391476878534536,0.32391476878534536
Fan1 speed,0.3413537531339141,0.3413537531339141
CPU1 Temp,0.3425370903930804,0.3425370903930804
Inlet Temp,0.8903647317440437,0.8903647317440437
Memory usage,2.9673823004889464,2.9673823004889464
