feature_name,0,2
Fan1 speed,0.0,0.0
Fan2 speed,0.0,0.0
Fan3 speed,0.0,0.0
Fan4 speed,0.0,0.0
CPU1 Temp,0.0003401823912571691,0.0003401823912571691
Power consumption,0.002941737930107983,0.002941737930107983
Inlet Temp,0.008813018428594523,0.008813018428594523
CPU2 Temp,0.06086944021747777,0.06086944021747777
Memory usage,0.08733989992715083,0.08733989992715083
