feature_name,0,2
CPU2 Temp,6.406332804418519e-05,6.406332804418519e-05
Memory usage,0.03825252192506808,0.03825252192506808
Fan2 speed,0.045016756415519346,0.045016756415519346
Fan1 speed,0.056618428142299344,0.056618428142299344
Fan3 speed,0.11323831705978726,0.11323831705978726
CPU1 Temp,0.23874608373804845,0.23874608373804845
Power consumption,0.3267054330327159,0.3267054330327159
Inlet Temp,0.4801071972467717,0.4801071972467717
Fan4 speed,1.3848995313888475,1.3848995313888475
