feature_name,0,2
Memory usage,0.020929314380514506,0.020929314380514506
Fan4 speed,0.1903599153619972,0.1903599153619972
Fan1 speed,0.19288029630591103,0.19288029630591103
CPU2 Temp,0.45292025732243596,0.45292025732243596
Fan3 speed,0.557384350587485,0.557384350587485
Fan2 speed,0.6372140375415275,0.6372140375415275
Inlet Temp,0.9060102168339039,0.9060102168339039
CPU1 Temp,1.1856910632192048,1.1856910632192048
Power consumption,2.482894912174174,2.482894912174174
