feature_name,0,2
Inlet Temp,0.0,0.0
Fan4 speed,0.0,0.0
CPU2 Temp,0.01703025078531904,0.01703025078531904
Fan3 speed,0.02701751744566511,0.02701751744566511
Fan2 speed,0.04603370315505232,0.04603370315505232
Memory usage,0.05205501578524688,0.05205501578524688
Fan1 speed,0.07734531189964211,0.07734531189964211
Power consumption,0.1451671903018846,0.1451671903018846
CPU1 Temp,0.20282385900543676,0.20282385900543676
