feature_name,0,2,4
Inlet Temp,0.016231429794535072,0.0017923459407098905,0.0
Fan1 speed,0.0,0.0,0.019121084240567337
Fan4 speed,0.0,0.0,0.07044946537366266
Fan3 speed,2.191307634064979e-05,0.0022554853704142264,0.08191539664278648
CPU1 Temp,0.06010381873076513,0.08382439726711961,0.0029020960810011436
Fan2 speed,1.1914094269005818e-06,1.0523908805114193e-08,0.17906640445367655
Memory usage,0.1723902669242488,0.001544304033026944,0.14065022074322842
CPU2 Temp,0.4763347263658661,0.39603230678839024,0.002981772150838099
Power consumption,1.5892518969864022,1.6198047494289989,0.06608848137925208
