feature_name,0,2
Fan2 speed,0.0004605490575994495,0.0004605490575994495
Fan3 speed,0.002726831479821762,0.002726831479821762
Fan1 speed,0.005297829269310407,0.005297829269310407
Inlet Temp,0.020221994597036125,0.020221994597036125
CPU2 Temp,0.028498227670451577,0.028498227670451577
Memory usage,0.054845786360976645,0.054845786360976645
CPU1 Temp,0.19270852359780724,0.19270852359780724
Fan4 speed,0.439186752133009,0.439186752133009
Power consumption,1.1045049931854338,1.1045049931854338
