feature_name,0,2
Fan2 speed,0.0,0.0
Fan4 speed,0.0,0.0
Fan1 speed,1.734723475976807e-18,1.734723475976807e-18
Inlet Temp,3.469446951953614e-18,3.469446951953614e-18
Memory usage,1.6750923564901044e-17,1.6750923564901044e-17
Fan3 speed,2.9681124640338567e-06,2.9681124640338567e-06
Power consumption,0.06788897561203645,0.06788897561203645
CPU2 Temp,0.43903063627060324,0.43903063627060324
CPU1 Temp,1.9157695414784246,1.9157695414784246
