feature_name,0,2
Fan3 speed,0.0,0.0
Fan4 speed,0.0,0.0
Fan1 speed,1.0468836542426498e-06,1.0468836542426498e-06
Inlet Temp,0.00028008401085989664,0.00028008401085989664
CPU2 Temp,0.29690632431098496,0.29690632431098496
Fan2 speed,0.40840718126669606,0.40840718126669606
Memory usage,0.6009543694206783,0.6009543694206783
CPU1 Temp,1.7427889119190556,1.7427889119190556
Power consumption,3.2569612999426356,3.2569612999426356
