feature_name,0,2
Fan2 speed,2.158806286272231e-05,2.158806286272231e-05
Fan3 speed,3.115738103933504e-05,3.115738103933504e-05
Fan4 speed,0.00034954641853015243,0.00034954641853015243
Inlet Temp,0.04669529626629762,0.04669529626629762
CPU1 Temp,1.224113057087422,1.224113057087422
Fan1 speed,1.359434682630786,1.359434682630786
Memory usage,37.554722970563354,37.554722970563354
Power consumption,47.836552145942164,47.836552145942164
CPU2 Temp,312.1059095678839,312.1059095678839
