feature_name,0,2
Fan1 speed,8.538726366594251e-14,8.538726366594251e-14
Fan3 speed,1.218786356560475e-13,1.218786356560475e-13
Fan2 speed,1.3211393784517966e-13,1.3211393784517966e-13
Fan4 speed,1.95067052788378e-13,1.95067052788378e-13
Inlet Temp,4.605725523187942e-13,4.605725523187942e-13
Memory usage,3.1945713435677092e-12,3.1945713435677092e-12
Power consumption,21.576835515259166,21.576835515259166
CPU2 Temp,145.28782901936302,145.28782901936302
CPU1 Temp,553.500326442523,553.500326442523
