feature_name,0,2
Inlet Temp,0.0,0.0
Fan4 speed,0.0,0.0
Fan3 speed,0.0002672341274819809,0.0002672341274819809
Fan2 speed,0.005263500696393662,0.005263500696393662
Memory usage,0.014509124811151942,0.014509124811151942
CPU1 Temp,0.037854134471740346,0.037854134471740346
Fan1 speed,0.06893363835435745,0.06893363835435745
CPU2 Temp,0.20527352702401053,0.20527352702401053
Power consumption,0.4152452251958067,0.4152452251958067
