feature_name,0,2
Fan4 speed,3.108931706658803e-05,3.108931706658803e-05
CPU2 Temp,0.009103108675888788,0.009103108675888788
Fan3 speed,0.01842016380405982,0.01842016380405982
Memory usage,0.06162952887414013,0.06162952887414013
Fan1 speed,0.09147624618804308,0.09147624618804308
Fan2 speed,0.30328540754656413,0.30328540754656413
Inlet Temp,0.33781510453072877,0.33781510453072877
Power consumption,0.35168778217386076,0.35168778217386076
CPU1 Temp,0.6001612662789159,0.6001612662789159
