feature_name,0,2
Fan3 speed,1.0034292190622303e-05,1.0034292190622303e-05
Fan2 speed,0.0001958903398650083,0.0001958903398650083
Fan1 speed,0.0008072195900515203,0.0008072195900515203
CPU1 Temp,0.008778203480966716,0.008778203480966716
Fan4 speed,0.010962216343901099,0.010962216343901099
Memory usage,0.295866352591892,0.295866352591892
Power consumption,0.30925644256122486,0.30925644256122486
CPU2 Temp,0.5724481491665192,0.5724481491665192
Inlet Temp,1.060917592266977,1.060917592266977
