feature_name,0,2
Fan1 speed,0.0,0.0
Fan2 speed,0.0,0.0
Fan3 speed,0.0,0.0
Fan4 speed,3.870821091509624e-05,3.870821091509624e-05
Memory usage,0.0012511445403019087,0.0012511445403019087
Inlet Temp,0.0034159782130381245,0.0034159782130381245
CPU1 Temp,0.24473133503640143,0.24473133503640143
CPU2 Temp,0.37324767635455336,0.37324767635455336
Power consumption,2.061109605496821,2.061109605496821
