feature_name,0,2
Fan1 speed,0.0,0.0
Fan2 speed,0.0,0.0
Fan4 speed,0.0,0.0
CPU1 Temp,2.575677193259948e-05,2.575677193259948e-05
Fan3 speed,0.0019304289505258968,0.0019304289505258968
Inlet Temp,0.005981811499455365,0.005981811499455365
Power consumption,0.042183032272834355,0.042183032272834355
CPU2 Temp,0.058775422239951684,0.058775422239951684
Memory usage,0.10927679065175663,0.10927679065175663
