feature_name,0,2,4
Fan4 speed,7.825564405210001e-07,0.006742464468846308,0.02528115457338159
Fan1 speed,0.0019726272357638145,0.023919276737408755,0.017557742680751158
Fan3 speed,6.803240179916381e-05,0.05042304576476437,0.007118390103545501
Fan2 speed,0.02232728012185905,0.034281429985854484,0.18078321704291345
CPU2 Temp,0.0035411568961775945,0.777811649010417,0.0483913468236167
Inlet Temp,0.024721864311685535,0.38509388833523256,0.5788388154666158
Power consumption,0.3968268520692466,0.9025005479739254,0.14559612323114615
CPU1 Temp,0.03014969953901127,0.634627196637657,0.9322795455878724
Memory usage,0.7501229540099665,2.592244495359896,4.888271978964488
