feature_name,0,2
Inlet Temp,0.0,0.0
Fan4 speed,0.0,0.0
Fan2 speed,9.6625964583904e-07,9.6625964583904e-07
Fan1 speed,0.0001587619830809078,0.0001587619830809078
Fan3 speed,0.0005939369339144767,0.0005939369339144767
Memory usage,0.004087644999101372,0.004087644999101372
CPU1 Temp,0.014112872578607112,0.014112872578607112
Power consumption,0.06935389047404387,0.06935389047404387
CPU2 Temp,0.30263691990520425,0.30263691990520425
