feature_name,0,2
Fan3 speed,0.0022674657770318444,0.0022674657770318444
CPU2 Temp,0.011169272732248364,0.011169272732248364
Fan4 speed,0.012260621111185085,0.012260621111185085
Fan1 speed,0.013832659500591652,0.013832659500591652
Inlet Temp,0.02901609101651621,0.02901609101651621
CPU1 Temp,0.041581960288015085,0.041581960288015085
Memory usage,0.058977040279448535,0.058977040279448535
Power consumption,0.06834428243827897,0.06834428243827897
Fan2 speed,0.10719012639704424,0.10719012639704424
