feature_name,0,3
CPU2 Temp,0.0047398393827823996,0.0047398393827823996
Inlet Temp,0.02810088562292468,0.02810088562292468
Fan2 speed,0.037936123981854385,0.037936123981854385
Fan4 speed,0.03888869684960139,0.03888869684960139
Fan1 speed,0.06431658950988547,0.06431658950988547
Fan3 speed,0.35956519557332006,0.35956519557332006
CPU1 Temp,0.4295935618900179,0.4295935618900179
Power consumption,4.290916619981742,4.290916619981742
Memory usage,6.686127180813637,6.686127180813637
