feature_name,0,2
Fan3 speed,0.0,0.0
Fan4 speed,0.00013921998471703306,0.00013921998471703306
CPU1 Temp,0.018336409499476767,0.018336409499476767
Fan2 speed,0.02829829476884007,0.02829829476884007
CPU2 Temp,0.042780386430010774,0.042780386430010774
Inlet Temp,0.10328160391452038,0.10328160391452038
Memory usage,0.10351943273971874,0.10351943273971874
Power consumption,0.3766094013648207,0.3766094013648207
Fan1 speed,0.5814755214663273,0.5814755214663273
