feature_name,0,2
Inlet Temp,0.0,0.0
Fan2 speed,0.0,0.0
Fan4 speed,0.0004652810026784353,0.0004652810026784353
CPU2 Temp,0.3531330374750109,0.3531330374750109
Fan3 speed,1.347184376704876,1.347184376704876
Fan1 speed,1.928841748767875,1.928841748767875
CPU1 Temp,3.8499417904180877,3.8499417904180877
Memory usage,93.72474069509843,93.72474069509843
Power consumption,114.40419433439138,114.40419433439138
