feature_name,0,2
Fan1 speed,0.01720911499876893,0.01720911499876893
CPU2 Temp,0.08947614123322471,0.08947614123322471
Fan4 speed,0.09353943115544648,0.09353943115544648
Fan3 speed,0.12528131094458073,0.12528131094458073
Memory usage,0.13886845943202383,0.13886845943202383
Inlet Temp,0.2936393713070324,0.2936393713070324
Power consumption,0.33998080242322315,0.33998080242322315
CPU1 Temp,0.34372408450944003,0.34372408450944003
Fan2 speed,0.4388520719740053,0.4388520719740053
