feature_name,0,2
Inlet Temp,0.0,0.0
Fan2 speed,0.0,0.0
Fan4 speed,0.0,0.0
CPU1 Temp,2.3912489207746426e-05,2.3912489207746426e-05
Fan1 speed,0.0034231182708074973,0.0034231182708074973
CPU2 Temp,0.039461508111436824,0.039461508111436824
Memory usage,0.41321508375621996,0.41321508375621996
Power consumption,0.42674716410894903,0.42674716410894903
Fan3 speed,0.5639056002444082,0.5639056002444082
