feature_name,0,2
Inlet Temp,0.0,0.0
Fan3 speed,0.0,0.0
Fan4 speed,0.0,0.0
Fan2 speed,0.014148933223420253,0.014148933223420253
CPU1 Temp,0.030807530090753002,0.030807530090753002
Power consumption,0.06200863779012437,0.06200863779012437
Memory usage,0.2692051864795481,0.2692051864795481
Fan1 speed,0.7358139084326087,0.7358139084326087
CPU2 Temp,1.0176916103735778,1.0176916103735778
