feature_name,0,2
Inlet Temp,0.0,0.0
Fan4 speed,0.01796300644604512,0.01796300644604512
CPU1 Temp,0.045080323829443804,0.045080323829443804
Fan1 speed,0.2650509767963291,0.2650509767963291
CPU2 Temp,0.34383317967265487,0.34383317967265487
Fan2 speed,0.5578619725022894,0.5578619725022894
Fan3 speed,0.6873359740576038,0.6873359740576038
Power consumption,0.7239107116773569,0.7239107116773569
Memory usage,1.8314003986806415,1.8314003986806415
