feature_name,0,2
Fan4 speed,1.5287590386312e-09,1.5287590386312e-09
Fan1 speed,1.945994654480032e-09,1.945994654480032e-09
Memory usage,3.145439575247353e-05,3.145439575247353e-05
Inlet Temp,0.0009849594087593871,0.0009849594087593871
Fan3 speed,0.002613032984277071,0.002613032984277071
Fan2 speed,0.008720205634587093,0.008720205634587093
CPU1 Temp,0.1496932762268542,0.1496932762268542
Power consumption,0.9487345093501198,0.9487345093501198
CPU2 Temp,3.957568492503258,3.957568492503258
