feature_name,0,2
Fan4 speed,0.0039923720726051225,0.0039923720726051225
Fan2 speed,0.01994260841101302,0.01994260841101302
Fan1 speed,0.028625991975668136,0.028625991975668136
Fan3 speed,0.14804164679482162,0.14804164679482162
CPU1 Temp,0.208114317466094,0.208114317466094
Memory usage,0.26307060956576306,0.26307060956576306
Inlet Temp,0.3286171469902488,0.3286171469902488
CPU2 Temp,3.118270104239996,3.118270104239996
Power consumption,3.8128010830508074,3.8128010830508074
