feature_name,0,2
CPU2 Temp,0.0,0.0
Fan1 speed,0.0,0.0
Fan2 speed,0.0,0.0
Fan4 speed,0.0,0.0
CPU1 Temp,0.020416238615598686,0.020416238615598686
Fan3 speed,0.022660723912076103,0.022660723912076103
Memory usage,0.06593410953027479,0.06593410953027479
Inlet Temp,0.07422718596405806,0.07422718596405806
Power consumption,0.11674993789912579,0.11674993789912579
