feature_name,0,2
Inlet Temp,0.0,0.0
Fan4 speed,0.0005790293943105907,0.0005790293943105907
Fan3 speed,0.12545370333303324,0.12545370333303324
Memory usage,0.5456543183383172,0.5456543183383172
Fan1 speed,2.0057519752131054,2.0057519752131054
Fan2 speed,3.4064671385463727,3.4064671385463727
CPU2 Temp,17.874227837477775,17.874227837477775
CPU1 Temp,31.127849582710713,31.127849582710713
Power consumption,159.87082814203526,159.87082814203526
