feature_name,0,2
Fan4 speed,0.0,0.0
Inlet Temp,1.948486695445479e-05,1.948486695445479e-05
CPU2 Temp,0.01424119859209529,0.01424119859209529
Fan2 speed,0.022674492104323096,0.022674492104323096
CPU1 Temp,0.04604129706677549,0.04604129706677549
Fan1 speed,0.14392319593152733,0.14392319593152733
Power consumption,0.17825488318167973,0.17825488318167973
Fan3 speed,0.7032641169216887,0.7032641169216887
Memory usage,5.468814633333803,5.468814633333803
