feature_name,0,2
CPU1 Temp,0.0,0.0
Fan3 speed,0.0,0.0
Fan2 speed,0.002566563213267599,0.002566563213267599
Fan1 speed,0.005642022037508769,0.005642022037508769
Fan4 speed,0.010530161317452017,0.010530161317452017
Memory usage,0.019463980354645038,0.019463980354645038
Inlet Temp,0.04455110822297989,0.04455110822297989
CPU2 Temp,0.09793703915866928,0.09793703915866928
Power consumption,0.13025374873051604,0.13025374873051604
