feature_name,0,2
Fan4 speed,0.0,0.0
Fan1 speed,1.951563910473908e-18,1.951563910473908e-18
Inlet Temp,1.5770204568436863e-08,1.5770204568436863e-08
Fan2 speed,3.288002999062207e-07,3.288002999062207e-07
Power consumption,2.164386665576973e-06,2.164386665576973e-06
Fan3 speed,7.180979203474675e-06,7.180979203474675e-06
Memory usage,0.06497361653848072,0.06497361653848072
CPU2 Temp,0.39240108598957807,0.39240108598957807
CPU1 Temp,1.4811728488844342,1.4811728488844342
