feature_name,0,6
Fan2 speed,0.0006203907702457753,0.0006203907702457753
Inlet Temp,0.000765709413587948,0.000765709413587948
Fan4 speed,0.007674859697196206,0.007674859697196206
Fan3 speed,0.06629143266798888,0.06629143266798888
Fan1 speed,0.19482111389307333,0.19482111389307333
CPU1 Temp,1.0509652979024091,1.0509652979024091
Memory usage,1.1638896979403142,1.1638896979403142
Power consumption,1.5127876062932957,1.5127876062932957
CPU2 Temp,1.9147662595000776,1.9147662595000776
