feature_name,0,2,3
Fan1 speed,0.0,0.0,0.0
Fan2 speed,0.0,0.0,0.0
Fan3 speed,0.0,0.0,0.0
Fan4 speed,4.1914512355878636e-06,0.0,5.2120539818524526e-06
Inlet Temp,1.9367360664030372e-05,0.0,0.0099700050360621
CPU2 Temp,0.017527975142920926,0.01568654866650719,0.0009566183928745631
CPU1 Temp,0.14758042041343486,0.1252875279919412,0.0037255748333025005
Memory usage,0.46908972402916393,0.002897102027426637,0.580677813370693
Power consumption,0.6214037626269968,0.5093953183524933,0.1227436810847623
