feature_name,0,2
Fan3 speed,0.0,0.0
Inlet Temp,1.259481234583415e-11,1.259481234583415e-11
Fan4 speed,1.139614016001933e-09,1.139614016001933e-09
Fan2 speed,6.9692806135487895e-09,6.9692806135487895e-09
Fan1 speed,1.2212954303252033e-08,1.2212954303252033e-08
Memory usage,1.334628231403935e-06,1.334628231403935e-06
CPU1 Temp,0.023124875600494164,0.023124875600494164
Power consumption,0.11105580589742628,0.11105580589742628
CPU2 Temp,0.40785216609070934,0.40785216609070934
