feature_name,0,2
Fan2 speed,0.0,0.0
Fan1 speed,2.07407875596477e-16,2.07407875596477e-16
Fan3 speed,9.58070281048681e-06,9.58070281048681e-06
Fan4 speed,0.0002575435451918351,0.0002575435451918351
Inlet Temp,2.118447819156422,2.118447819156422
CPU2 Temp,27.485621540379256,27.485621540379256
Memory usage,78.09543200352424,78.09543200352424
Power consumption,102.53509566103371,102.53509566103371
CPU1 Temp,723.1481110868309,723.1481110868309
