feature_name,0,2
Inlet Temp,0.0,0.0
CPU1 Temp,0.07102336862542469,0.07102336862542469
Fan1 speed,0.07958783796138037,0.07958783796138037
Power consumption,0.19365444526385406,0.19365444526385406
Fan4 speed,0.3884573339755474,0.3884573339755474
Memory usage,0.43143817349912955,0.43143817349912955
Fan3 speed,0.43315757150347134,0.43315757150347134
CPU2 Temp,0.4826630120399755,0.4826630120399755
Fan2 speed,0.4865943445690016,0.4865943445690016
