feature_name,0,2
Inlet Temp,0.0,0.0
Fan1 speed,0.0,0.0
Fan4 speed,0.029266802206328255,0.029266802206328255
CPU1 Temp,3.103075975340026,3.103075975340026
CPU2 Temp,15.95215240850418,15.95215240850418
Fan2 speed,24.23552162892491,24.23552162892491
Fan3 speed,36.945176216766754,36.945176216766754
Power consumption,55.66560198076384,55.66560198076384
Memory usage,62.49285394056801,62.49285394056801
