feature_name,0,2
Fan1 speed,0.0,0.0
Fan2 speed,0.0,0.0
Fan3 speed,0.0,0.0
Fan4 speed,0.0,0.0
CPU2 Temp,0.00022955214307437358,0.00022955214307437358
Inlet Temp,0.0024245375858784482,0.0024245375858784482
CPU1 Temp,0.008876260352899144,0.008876260352899144
Memory usage,0.10559375658210982,0.10559375658210982
Power consumption,0.11529549586872288,0.11529549586872288
