feature_name,0,2
Fan3 speed,0.0,0.0
CPU1 Temp,3.642919299551295e-17,3.642919299551295e-17
Fan2 speed,0.3878214971512042,0.3878214971512042
Fan1 speed,0.8640680610056991,0.8640680610056991
Fan4 speed,1.9774382084751285,1.9774382084751285
Memory usage,3.536669656420337,3.536669656420337
Inlet Temp,10.085522309145073,10.085522309145073
CPU2 Temp,28.511689497487644,28.511689497487644
Power consumption,34.12232643469153,34.12232643469153
