feature_name,0,2
Inlet Temp,0.0,0.0
Fan1 speed,0.0,0.0
Fan3 speed,5.7744695971438664e-05,5.7744695971438664e-05
Fan4 speed,0.0006791358575427032,0.0006791358575427032
Fan2 speed,0.0007252546342436748,0.0007252546342436748
CPU2 Temp,0.0020025907543717797,0.0020025907543717797
Power consumption,0.1779165980576621,0.1779165980576621
CPU1 Temp,0.18158202828568773,0.18158202828568773
Memory usage,0.19852078216119792,0.19852078216119792
