feature_name,0,2
Fan2 speed,7.951387928778475e-07,7.951387928778475e-07
Power consumption,1.6859235155560967e-06,1.6859235155560967e-06
Fan3 speed,1.7792910898799946e-06,1.7792910898799946e-06
Fan4 speed,0.002340945847324731,0.002340945847324731
Inlet Temp,0.03085808847405147,0.03085808847405147
Memory usage,0.03250240122443838,0.03250240122443838
Fan1 speed,10.25858029274964,10.25858029274964
CPU2 Temp,66.84494885613711,66.84494885613711
CPU1 Temp,252.3169057949369,252.3169057949369
