feature_name,0,2
Fan2 speed,0.0,0.0
Fan4 speed,1.6685274345576429e-06,1.6685274345576429e-06
Fan1 speed,0.006371694603125385,0.006371694603125385
Fan3 speed,0.016654329406172154,0.016654329406172154
Inlet Temp,0.03449439522804706,0.03449439522804706
CPU1 Temp,0.08643059269098403,0.08643059269098403
CPU2 Temp,0.11397179729971259,0.11397179729971259
Power consumption,0.1422135799750715,0.1422135799750715
Memory usage,0.16838844310111198,0.16838844310111198
