feature_name,0,3
CPU2 Temp,0.1334448117109378,0.1334448117109378
Fan1 speed,0.21696000847788952,0.21696000847788952
Fan4 speed,0.3187609395867014,0.3187609395867014
CPU1 Temp,0.6530430945744764,0.6530430945744764
Fan3 speed,6.461003715101692,6.461003715101692
Fan2 speed,41.39105465361268,41.39105465361268
Inlet Temp,91.28163164845463,91.28163164845463
Power consumption,365.29269261836976,365.29269261836976
Memory usage,620.666837882392,620.666837882392
