feature_name,0,2
Fan1 speed,0.0,0.0
Fan3 speed,0.0,0.0
Fan4 speed,0.0,0.0
Fan2 speed,1.126486057212439e-16,1.126486057212439e-16
Inlet Temp,5.9260389314689805e-06,5.9260389314689805e-06
CPU1 Temp,0.09133984818430353,0.09133984818430353
Memory usage,0.10041600188117793,0.10041600188117793
Power consumption,0.2920678552977677,0.2920678552977677
CPU2 Temp,1.639823346927573,1.639823346927573
