feature_name,0,2
Fan4 speed,1.3715753793136498e-13,1.3715753793136498e-13
Fan2 speed,2.682795934190463e-13,2.682795934190463e-13
Fan1 speed,3.2756935185174196e-13,3.2756935185174196e-13
Fan3 speed,3.524056046977364e-13,3.524056046977364e-13
Inlet Temp,1.155073432734799e-12,1.155073432734799e-12
Memory usage,0.30822765184692735,0.30822765184692735
Power consumption,9.562286886195135,9.562286886195135
CPU2 Temp,66.84262431312028,66.84262431312028
CPU1 Temp,252.00581568146274,252.00581568146274
