feature_name,0,2
Memory usage,0.021138724364095134,0.021138724364095134
Fan2 speed,0.05074685069678796,0.05074685069678796
Inlet Temp,0.4376969082962888,0.4376969082962888
Fan1 speed,0.5331965747347326,0.5331965747347326
Power consumption,0.7301973688092941,0.7301973688092941
Fan3 speed,0.7927952953622648,0.7927952953622648
Fan4 speed,0.9900130647455383,0.9900130647455383
CPU2 Temp,1.4527064365005893,1.4527064365005893
CPU1 Temp,1.9075108754297592,1.9075108754297592
