feature_name,0,2
Fan1 speed,0.0,0.0
Fan2 speed,0.0,0.0
Fan3 speed,0.008447423161946164,0.008447423161946164
Memory usage,0.053877558422511226,0.053877558422511226
Power consumption,0.3906357924655641,0.3906357924655641
CPU2 Temp,0.42337115001838743,0.42337115001838743
CPU1 Temp,0.968053085104075,0.968053085104075
Fan4 speed,1.2726975907532918,1.2726975907532918
Inlet Temp,1.6196448340275418,1.6196448340275418
