feature_name,0,2
Inlet Temp,0.0,0.0
Memory usage,0.44819449179420084,0.44819449179420084
CPU2 Temp,0.9343372925078722,0.9343372925078722
Fan2 speed,1.7751195613519557,1.7751195613519557
Fan3 speed,5.608990492315497,5.608990492315497
Fan1 speed,7.844890570207907,7.844890570207907
Fan4 speed,16.998857612297826,16.998857612297826
CPU1 Temp,18.725792618985,18.725792618985
Power consumption,25.678333039797874,25.678333039797874
