feature_name,0,3
CPU2 Temp,0.004392137647316992,0.004392137647316992
Fan2 speed,0.01917114785858759,0.01917114785858759
Fan4 speed,0.03691467455772788,0.03691467455772788
Fan3 speed,0.16570865975291316,0.16570865975291316
Fan1 speed,0.17486412694392112,0.17486412694392112
CPU1 Temp,0.9408379004239756,0.9408379004239756
Inlet Temp,3.077131825345012,3.077131825345012
Power consumption,4.005866954424053,4.005866954424053
Memory usage,11.619820624822687,11.619820624822687
