feature_name,0,2
Fan1 speed,0.0,0.0
Fan3 speed,0.0,0.0
Fan4 speed,0.0,0.0
Fan2 speed,0.0007484857420232296,0.0007484857420232296
Inlet Temp,0.0021291882687149823,0.0021291882687149823
CPU2 Temp,0.006838080383527886,0.006838080383527886
CPU1 Temp,0.012249504519755141,0.012249504519755141
Power consumption,0.1666356329654849,0.1666356329654849
Memory usage,0.1689043676176496,0.1689043676176496
