feature_name,0,3
Fan4 speed,3.983963092236975e-08,3.983963092236975e-08
Fan2 speed,3.5707054398123e-06,3.5707054398123e-06
Fan1 speed,3.0117427406881232e-05,3.0117427406881232e-05
Fan3 speed,0.0003420256943602244,0.0003420256943602244
Inlet Temp,0.0012529046673583882,0.0012529046673583882
Power consumption,0.01702632536081618,0.01702632536081618
CPU1 Temp,0.70151578362942,0.70151578362942
Memory usage,1.1756554981750162,1.1756554981750162
CPU2 Temp,6.960065473866832,6.960065473866832
