feature_name,0,2
Fan2 speed,0.0,0.0
Inlet Temp,0.0008316466032569458,0.0008316466032569458
Fan4 speed,0.025299316934675492,0.025299316934675492
Memory usage,0.5595881737367605,0.5595881737367605
Fan3 speed,0.875300315283986,0.875300315283986
Fan1 speed,9.23872759474212,9.23872759474212
CPU1 Temp,17.515537546712057,17.515537546712057
CPU2 Temp,82.40857913725169,82.40857913725169
Power consumption,371.8456123366795,371.8456123366795
