feature_name,0,2
Fan4 speed,1.2583257178594431e-07,1.2583257178594431e-07
Fan1 speed,1.5133026967932735e-07,1.5133026967932735e-07
Memory usage,0.003626455991306987,0.003626455991306987
Inlet Temp,0.061487850102273464,0.061487850102273464
Fan3 speed,0.08145924423495468,0.08145924423495468
Fan2 speed,1.2890398704794326,1.2890398704794326
CPU1 Temp,22.599267926104655,22.599267926104655
Power consumption,142.59838425026066,142.59838425026066
CPU2 Temp,594.4786494327034,594.4786494327034
