feature_name,0,3
Fan1 speed,0.0,0.0
Fan4 speed,0.0,0.0
Fan3 speed,0.02613803120133388,0.02613803120133388
CPU2 Temp,0.10470383026599406,0.10470383026599406
CPU1 Temp,1.2715823229887089,1.2715823229887089
Fan2 speed,1.4075994614160339,1.4075994614160339
Power consumption,2.3896973344967583,2.3896973344967583
Inlet Temp,4.936078739128629,4.936078739128629
Memory usage,7.791913181947939,7.791913181947939
