feature_name,0,2
Inlet Temp,4.554061168005443e-05,4.554061168005443e-05
Fan2 speed,0.0001498316786251769,0.0001498316786251769
Fan3 speed,0.0001824257541196716,0.0001824257541196716
Fan1 speed,0.1542804775150248,0.1542804775150248
Memory usage,0.24801718522432414,0.24801718522432414
Fan4 speed,0.5806235147014379,0.5806235147014379
CPU2 Temp,16.553713738728586,16.553713738728586
CPU1 Temp,86.853384152275,86.853384152275
Power consumption,404.32305524116043,404.32305524116043
