feature_name,0,2
Inlet Temp,0.004738457977111965,0.004738457977111965
Fan4 speed,0.006430709655113888,0.006430709655113888
CPU2 Temp,0.00897857958104209,0.00897857958104209
Memory usage,0.02151071961988491,0.02151071961988491
CPU1 Temp,0.026420294450966796,0.026420294450966796
Fan2 speed,0.027680636979497877,0.027680636979497877
Fan3 speed,0.02779843562831351,0.02779843562831351
Power consumption,0.07295614585746628,0.07295614585746628
Fan1 speed,0.0792473728722464,0.0792473728722464
