feature_name,0,2
Fan2 speed,0.0,0.0
Fan4 speed,0.0,0.0
Fan3 speed,0.013870239473767353,0.013870239473767353
CPU1 Temp,0.10374562218924317,0.10374562218924317
CPU2 Temp,0.1393982824693799,0.1393982824693799
Power consumption,0.14509435633537993,0.14509435633537993
Fan1 speed,0.20455351521971987,0.20455351521971987
Inlet Temp,0.31489576983817924,0.31489576983817924
Memory usage,1.203849390163382,1.203849390163382
