feature_name,0,2
Fan3 speed,0.00020695480261135658,0.00020695480261135658
Fan2 speed,0.0013058942158345281,0.0013058942158345281
Inlet Temp,0.010969782734428533,0.010969782734428533
Fan1 speed,0.031035069503393076,0.031035069503393076
Fan4 speed,0.04545947402923716,0.04545947402923716
CPU1 Temp,0.1717495337419058,0.1717495337419058
Memory usage,0.20658746925914795,0.20658746925914795
CPU2 Temp,0.5821560846641088,0.5821560846641088
Power consumption,0.8911439712501394,0.8911439712501394
