feature_name,0,2
Fan1 speed,0.0,0.0
Fan2 speed,0.0,0.0
Fan3 speed,0.0,0.0
Fan4 speed,0.0,0.0
CPU2 Temp,0.024323157690655912,0.024323157690655912
Inlet Temp,0.6048682490636543,0.6048682490636543
CPU1 Temp,1.3714046747740134,1.3714046747740134
Power consumption,32.16175687228098,32.16175687228098
Memory usage,36.57839475821049,36.57839475821049
