feature_name,0,2
Fan4 speed,5.992061302678275e-05,5.992061302678275e-05
Fan2 speed,0.001228647857088717,0.001228647857088717
Fan1 speed,0.0064402349897343435,0.0064402349897343435
Fan3 speed,0.05048471543722895,0.05048471543722895
Inlet Temp,0.1380960480937266,0.1380960480937266
CPU2 Temp,0.4431168298263978,0.4431168298263978
Memory usage,0.7104873185207061,0.7104873185207061
CPU1 Temp,1.444149324086023,1.444149324086023
Power consumption,2.474770229106856,2.474770229106856
