feature_name,0,2
Inlet Temp,0.0,0.0
Fan1 speed,0.0,0.0
Fan2 speed,0.0,0.0
Fan3 speed,0.0,0.0
Fan4 speed,0.0,0.0
Memory usage,0.03818098651400042,0.03818098651400042
CPU1 Temp,0.09605245297885745,0.09605245297885745
CPU2 Temp,0.11759260015017749,0.11759260015017749
Power consumption,0.22615826525245913,0.22615826525245913
