feature_name,0,2
Fan3 speed,0.0021376784903345443,0.0021376784903345443
Inlet Temp,0.01126940816910244,0.01126940816910244
Memory usage,0.019308942263502687,0.019308942263502687
Fan2 speed,0.07516712274607562,0.07516712274607562
Fan4 speed,0.10156043651997286,0.10156043651997286
Fan1 speed,0.1485209060742121,0.1485209060742121
Power consumption,0.1693335054341135,0.1693335054341135
CPU1 Temp,0.5852970913423865,0.5852970913423865
CPU2 Temp,0.7604822462277675,0.7604822462277675
