feature_name,0,2
Inlet Temp,0.0,0.0
Fan3 speed,2.653413201658683e-08,2.653413201658683e-08
Fan1 speed,1.1673686638707503e-06,1.1673686638707503e-06
CPU1 Temp,1.1125320068846277e-05,1.1125320068846277e-05
Fan4 speed,0.003035863680382091,0.003035863680382091
Fan2 speed,0.023641109340095067,0.023641109340095067
Memory usage,0.2431879962933458,0.2431879962933458
CPU2 Temp,0.24709054829041752,0.24709054829041752
Power consumption,0.6546411179461901,0.6546411179461901
