feature_name,0,2
Fan3 speed,0.0003752173718209193,0.0003752173718209193
CPU2 Temp,0.013218433629363566,0.013218433629363566
Inlet Temp,0.055938016321324106,0.055938016321324106
CPU1 Temp,0.06784501479440902,0.06784501479440902
Power consumption,0.20336064044969138,0.20336064044969138
Memory usage,0.20809209610457693,0.20809209610457693
Fan2 speed,0.26469306838805884,0.26469306838805884
Fan4 speed,0.5382116290677857,0.5382116290677857
Fan1 speed,0.7302174436095581,0.7302174436095581
