feature_name,0,2
Inlet Temp,0.0,0.0
Fan1 speed,0.0,0.0
Fan2 speed,0.0,0.0
Fan3 speed,0.0,0.0
Fan4 speed,0.0,0.0
CPU1 Temp,1.3694960842945585,1.3694960842945585
CPU2 Temp,8.509502158748823,8.509502158748823
Power consumption,18.001311123092403,18.001311123092403
Memory usage,20.531889539089278,20.531889539089278
