feature_name,0,2,3
Fan1 speed,0.0,0.0,0.0
Fan2 speed,0.0,0.0,0.0
Fan3 speed,0.0,0.0,0.0
Fan4 speed,0.017633452746560994,0.02636097249773233,0.0
Inlet Temp,0.13894932575997723,0.10134396873331433,0.0
Memory usage,1.0029187083547966,0.07054282979965851,1.1618099930720813
CPU2 Temp,6.129578651677174,1.3052743429399267,5.2829235866610675
CPU1 Temp,27.49885926203503,10.096840097119836,23.710355329546545
Power consumption,36.54166519945273,42.77652648441206,0.18663008867936118
