feature_name,0,2
Inlet Temp,2.4346017958056226e-06,2.4346017958056226e-06
Fan1 speed,2.4447186978337684e-06,2.4447186978337684e-06
Memory usage,0.015614563319937899,0.015614563319937899
CPU1 Temp,0.020153708347342144,0.020153708347342144
Power consumption,0.03629062262452217,0.03629062262452217
Fan3 speed,0.040780369549223,0.040780369549223
Fan4 speed,0.04644923897519587,0.04644923897519587
CPU2 Temp,0.28262388751709216,0.28262388751709216
Fan2 speed,0.42938834864411546,0.42938834864411546
