feature_name,0,2
Inlet Temp,0.0,0.0
Fan2 speed,0.002445577036956249,0.002445577036956249
Fan3 speed,0.013273046931527381,0.013273046931527381
Power consumption,0.04218839791698369,0.04218839791698369
CPU1 Temp,0.09784002135005852,0.09784002135005852
Fan4 speed,0.12493212106771855,0.12493212106771855
CPU2 Temp,0.2041153462360995,0.2041153462360995
Fan1 speed,0.3581687662627174,0.3581687662627174
Memory usage,1.0462584836527606,1.0462584836527606
