feature_name,0,2
Fan3 speed,0.00012411534585290377,0.00012411534585290377
Fan4 speed,0.00019434782743451727,0.00019434782743451727
Fan1 speed,0.00043704577403998017,0.00043704577403998017
Fan2 speed,0.0030879171819753553,0.0030879171819753553
Inlet Temp,1.1518972523142588,1.1518972523142588
Memory usage,5.908367509958234,5.908367509958234
CPU2 Temp,44.524364597357845,44.524364597357845
CPU1 Temp,102.02000765758974,102.02000765758974
Power consumption,568.4332698792689,568.4332698792689
