feature_name,0,2
Fan1 speed,0.0,0.0
Fan2 speed,0.0,0.0
Fan3 speed,0.0,0.0
Fan4 speed,0.0,0.0
Memory usage,0.00279326031006536,0.00279326031006536
Inlet Temp,0.009162739405054507,0.009162739405054507
CPU2 Temp,0.026233130154100646,0.026233130154100646
CPU1 Temp,0.17449286402928563,0.17449286402928563
Power consumption,0.30564282835992085,0.30564282835992085
