feature_name,0,2,4,6
Inlet Temp,2.205828920179346,0.0,13.222976824040995,0.04786662046904331
Fan2 speed,10.571264773943364,1.5184670606073094,0.0,4.876129405325225
Fan4 speed,5.003711456008455,21.11953292142333,0.21073125301854465,0.4926486393543519
Fan3 speed,0.5739190229567239,1.7886058175573276,4.438065050892826,21.607265644202926
Fan1 speed,11.683411938262331,0.4132677167290468,28.255768516927972,11.611682929843411
Memory usage,1.6863608586695154,4.315036495515143,60.27246791060137,38.260121039565334
CPU2 Temp,47.82462508856791,87.31722874418625,32.47386677751451,0.0020357526187423968
CPU1 Temp,10.433791681695624,153.876396095925,1.275279221934,8.031227892821091
Power consumption,225.53528879761024,39.21962662303204,9.664572299370398,0.0020677195909484703
