feature_name,0,2
Fan3 speed,5.0288406449596965e-06,5.0288406449596965e-06
Fan2 speed,1.593444553161334e-05,1.593444553161334e-05
Fan4 speed,0.00146500919526843,0.00146500919526843
Fan1 speed,0.0014891442494803673,0.0014891442494803673
Inlet Temp,0.00692191564793769,0.00692191564793769
Memory usage,2.031536618297771,2.031536618297771
CPU1 Temp,34.13729248870449,34.13729248870449
Power consumption,206.35732242691367,206.35732242691367
CPU2 Temp,858.4750798431678,858.4750798431678
