feature_name,0,2
CPU2 Temp,0.0,0.0
Inlet Temp,0.0,0.0
Memory usage,0.0,0.0
Fan3 speed,0.0,0.0
Fan4 speed,0.0,0.0
Power consumption,0.0,0.0
CPU1 Temp,5.551115123125783e-17,5.551115123125783e-17
Fan2 speed,0.0186686623012704,0.0186686623012704
Fan1 speed,0.028721018925031427,0.028721018925031427
