feature_name,0,2
Inlet Temp,0.0,0.0
Memory usage,0.0004067648219070688,0.0004067648219070688
CPU2 Temp,0.004000108818039063,0.004000108818039063
Fan2 speed,0.007860467605432948,0.007860467605432948
Fan1 speed,0.03178756586735787,0.03178756586735787
Fan3 speed,0.03208461276606149,0.03208461276606149
CPU1 Temp,0.15145496395845828,0.15145496395845828
Power consumption,0.1786384884237598,0.1786384884237598
Fan4 speed,0.21392891688214258,0.21392891688214258
