feature_name,0,2
Fan3 speed,0.009734353186860726,0.009734353186860726
Fan1 speed,0.0202790587093463,0.0202790587093463
CPU2 Temp,0.049780128608083264,0.049780128608083264
Memory usage,0.31256120244419394,0.31256120244419394
Inlet Temp,0.49597318165500476,0.49597318165500476
Power consumption,0.5708522794265516,0.5708522794265516
Fan2 speed,0.9778313976391793,0.9778313976391793
CPU1 Temp,1.2936804857605233,1.2936804857605233
Fan4 speed,5.832959393238604,5.832959393238604
