feature_name,0,2
Fan3 speed,0.0,0.0
Fan4 speed,0.0,0.0
Fan1 speed,1.9782553340568984e-05,1.9782553340568984e-05
Fan2 speed,0.00015757236114114512,0.00015757236114114512
CPU2 Temp,0.10045395511621388,0.10045395511621388
Memory usage,0.1034374045241911,0.1034374045241911
CPU1 Temp,0.19057079769353794,0.19057079769353794
Power consumption,0.4479612553609884,0.4479612553609884
Inlet Temp,0.8874686803793844,0.8874686803793844
