feature_name,0,2
Fan2 speed,0.0,0.0
Fan1 speed,7.589415207398531e-19,7.589415207398531e-19
Fan3 speed,9.99432606496424e-08,9.99432606496424e-08
Fan4 speed,1.2539208085076727e-06,1.2539208085076727e-06
Inlet Temp,0.018013925373636473,0.018013925373636473
CPU2 Temp,0.2270975559596415,0.2270975559596415
Memory usage,0.626208770373397,0.626208770373397
Power consumption,0.7524340878394551,0.7524340878394551
CPU1 Temp,5.46176016324503,5.46176016324503
