feature_name,0,2
Fan4 speed,1.7727732117456653e-05,1.7727732117456653e-05
Fan3 speed,7.865727818006542e-05,7.865727818006542e-05
Fan2 speed,0.0004535628846526187,0.0004535628846526187
Fan1 speed,0.0018758135561394492,0.0018758135561394492
Inlet Temp,0.014313760996959145,0.014313760996959145
CPU2 Temp,0.09781380309147159,0.09781380309147159
Memory usage,0.18633956938246302,0.18633956938246302
CPU1 Temp,0.45868504680427846,0.45868504680427846
Power consumption,0.773054106076402,0.773054106076402
