feature_name,0,2
Inlet Temp,0.0030357736678423815,0.0030357736678423815
Fan4 speed,0.0038413794033995453,0.0038413794033995453
Fan3 speed,0.005644387482863345,0.005644387482863345
Fan1 speed,0.009961549861083123,0.009961549861083123
Memory usage,0.08730193213315467,0.08730193213315467
CPU1 Temp,0.0921409062994674,0.0921409062994674
CPU2 Temp,0.2288976468252469,0.2288976468252469
Fan2 speed,0.40591773445576057,0.40591773445576057
Power consumption,1.1870537911354457,1.1870537911354457
