feature_name,0,2
Fan2 speed,0.0,0.0
Fan1 speed,1.3877787807814457e-16,1.3877787807814457e-16
Inlet Temp,0.033773152694170375,0.033773152694170375
CPU2 Temp,0.11001977321579863,0.11001977321579863
Fan3 speed,0.11599249742861348,0.11599249742861348
Memory usage,0.24613537189916881,0.24613537189916881
CPU1 Temp,0.6224454075817368,0.6224454075817368
Fan4 speed,0.7569805942907103,0.7569805942907103
Power consumption,1.0979655279216811,1.0979655279216811
