feature_name,0,2
Fan3 speed,2.0209127221704724e-05,2.0209127221704724e-05
Inlet Temp,0.0001430911324257696,0.0001430911324257696
Fan2 speed,0.2082151665933772,0.2082151665933772
Fan4 speed,0.23225255113966442,0.23225255113966442
Fan1 speed,0.3939715183328821,0.3939715183328821
CPU2 Temp,1.92930164723744,1.92930164723744
Memory usage,43.46785652816122,43.46785652816122
CPU1 Temp,121.36991853405353,121.36991853405353
Power consumption,626.8274792994476,626.8274792994476
