feature_name,0,3
CPU1 Temp,0.004452700499740987,0.004452700499740987
Inlet Temp,0.1926855097046897,0.1926855097046897
CPU2 Temp,0.20886349567911713,0.20886349567911713
Fan3 speed,0.31155345665215656,0.31155345665215656
Power consumption,0.8740573731273901,0.8740573731273901
Fan4 speed,0.9864682968132674,0.9864682968132674
Fan2 speed,1.4008472066731146,1.4008472066731146
Memory usage,1.4827872685959311,1.4827872685959311
Fan1 speed,2.5946980189437228,2.5946980189437228
