feature_name,0,3
Inlet Temp,6.618132153661267e-05,6.618132153661267e-05
Fan1 speed,0.01994345779590163,0.01994345779590163
Fan2 speed,0.030887564953555408,0.030887564953555408
Fan3 speed,0.053575006333451546,0.053575006333451546
CPU2 Temp,0.12563616478605327,0.12563616478605327
Fan4 speed,0.15879255798124509,0.15879255798124509
Power consumption,0.32584398045302,0.32584398045302
Memory usage,0.4784136378917429,0.4784136378917429
CPU1 Temp,0.5303550666169378,0.5303550666169378
