feature_name,0,2
Inlet Temp,0.0,0.0
Fan2 speed,0.0,0.0
Power consumption,3.082491741129888e-05,3.082491741129888e-05
Fan3 speed,0.0061687384148054105,0.0061687384148054105
Fan1 speed,0.01371572634368403,0.01371572634368403
Fan4 speed,0.013753147026408619,0.013753147026408619
CPU2 Temp,0.03380580195874422,0.03380580195874422
CPU1 Temp,0.0748387288875539,0.0748387288875539
Memory usage,0.07904005914907507,0.07904005914907507
