feature_name,0,2,3
Fan1 speed,0.0,0.0,0.0
Fan2 speed,0.0,0.0,0.0
Fan3 speed,0.0,0.0,0.0
Fan4 speed,0.0005078159971117232,0.0,0.0006314672988014061
Inlet Temp,0.0051400678384538314,0.0,1.8696172920870897
CPU2 Temp,2.3465058199713242,2.213900153798519,0.13005608800251092
CPU1 Temp,17.290617576142495,19.860057803082558,2.2564740420467033
Memory usage,74.09223206030654,0.4150476893297161,96.01213436429259
Power consumption,86.39886608179175,89.63234158449036,20.5197356555958
