feature_name,0,2
Fan2 speed,0.0,0.0
Fan4 speed,0.0,0.0
CPU2 Temp,0.014079129855378548,0.014079129855378548
Fan1 speed,0.03411927473715051,0.03411927473715051
Inlet Temp,0.10601378251434831,0.10601378251434831
Memory usage,0.15158845560591913,0.15158845560591913
CPU1 Temp,1.224481790052443,1.224481790052443
Fan3 speed,1.3695703109326856,1.3695703109326856
Power consumption,1.6484237351350315,1.6484237351350315
