feature_name,0,2
Fan1 speed,0.08310760243322338,0.08310760243322338
Fan2 speed,0.15449680384939113,0.15449680384939113
Fan3 speed,1.0922851136594884,1.0922851136594884
Fan4 speed,10.906087242401982,10.906087242401982
Memory usage,61.89651087432519,61.89651087432519
Inlet Temp,68.26103498027017,68.26103498027017
CPU2 Temp,286.9285188340641,286.9285188340641
CPU1 Temp,358.30109590108697,358.30109590108697
Power consumption,420.85596885422603,420.85596885422603
