feature_name,0,3
Inlet Temp,0.0,0.0
Fan1 speed,0.00013840801185626534,0.00013840801185626534
Fan4 speed,0.0005194020776375585,0.0005194020776375585
CPU1 Temp,0.0005917950919101247,0.0005917950919101247
CPU2 Temp,0.0006900214188736249,0.0006900214188736249
Fan2 speed,0.11903309045379792,0.11903309045379792
Fan3 speed,0.12637840843919765,0.12637840843919765
Power consumption,0.19330730793809667,0.19330730793809667
Memory usage,0.2763963098587195,0.2763963098587195
