feature_name,0,2
Fan2 speed,0.0,0.0
Fan3 speed,0.0,0.0
Fan4 speed,0.0,0.0
CPU1 Temp,0.0195665216103268,0.0195665216103268
Inlet Temp,0.04700037539513365,0.04700037539513365
Memory usage,0.048403026771799924,0.048403026771799924
Fan1 speed,0.055158228772093996,0.055158228772093996
Power consumption,0.14777975501361623,0.14777975501361623
CPU2 Temp,0.19002439779149066,0.19002439779149066
