feature_name,0,2
CPU2 Temp,0.0,0.0
Fan1 speed,0.0,0.0
Fan4 speed,0.0,0.0
Fan2 speed,9.561166914517395e-05,9.561166914517395e-05
Fan3 speed,0.0025443845647211884,0.0025443845647211884
Inlet Temp,0.0033135336266452986,0.0033135336266452986
CPU1 Temp,0.008508939761687392,0.008508939761687392
Memory usage,0.11827303464154316,0.11827303464154316
Power consumption,0.12317603327770978,0.12317603327770978
