feature_name,0,2
Fan1 speed,5.6439878084737875e-05,5.6439878084737875e-05
Fan4 speed,0.01089481488670251,0.01089481488670251
Inlet Temp,0.054252242778423325,0.054252242778423325
Fan3 speed,0.1386236323360394,0.1386236323360394
Fan2 speed,0.3988863473192389,0.3988863473192389
CPU1 Temp,1.1793791349659632,1.1793791349659632
Memory usage,1.4533458029771957,1.4533458029771957
Power consumption,4.614995939576651,4.614995939576651
CPU2 Temp,4.775211519892495,4.775211519892495
