feature_name,0,2
Inlet Temp,0.09335049904866399,0.09335049904866399
Fan4 speed,0.14871290011146826,0.14871290011146826
Fan1 speed,0.26624080119605736,0.26624080119605736
CPU2 Temp,0.2844256715651515,0.2844256715651515
Memory usage,0.3625659451241402,0.3625659451241402
Power consumption,0.4299035201310072,0.4299035201310072
CPU1 Temp,0.6020865286616456,0.6020865286616456
Fan2 speed,0.9048711588388813,0.9048711588388813
Fan3 speed,1.0038338469014145,1.0038338469014145
