feature_name,0,2
Fan1 speed,0.0006387524322410644,0.0006387524322410644
Fan2 speed,0.0011405335335459691,0.0011405335335459691
Fan3 speed,0.002367523417918921,0.002367523417918921
Fan4 speed,0.0390858527944691,0.0390858527944691
Inlet Temp,0.6918469963903942,0.6918469963903942
Memory usage,0.8406025001932074,0.8406025001932074
CPU1 Temp,2.4402654436727915,2.4402654436727915
CPU2 Temp,2.685105463037172,2.685105463037172
Power consumption,3.2474158947390106,3.2474158947390106
