feature_name,0,2
Inlet Temp,0.0,0.0
Fan4 speed,0.0,0.0
Fan2 speed,0.005642667354613848,0.005642667354613848
CPU2 Temp,0.03398174585108538,0.03398174585108538
Fan3 speed,0.0657484667756675,0.0657484667756675
Fan1 speed,0.11657373237835271,0.11657373237835271
Memory usage,0.12043682509461119,0.12043682509461119
Power consumption,0.8774730246178797,0.8774730246178797
CPU1 Temp,1.0647548017841328,1.0647548017841328
