feature_name,0,2
CPU1 Temp,0.0,0.0
CPU2 Temp,0.0,0.0
Inlet Temp,0.0,0.0
Memory usage,0.0,0.0
Fan1 speed,0.0,0.0
Fan3 speed,0.0,0.0
Fan4 speed,0.0,0.0
Fan2 speed,0.016083770598017355,0.016083770598017355
Power consumption,0.026136127221778105,0.026136127221778105
