feature_name,0,3
Inlet Temp,1.1776626866483869e-07,1.1776626866483869e-07
Fan3 speed,0.0010730387569211812,0.0010730387569211812
Fan4 speed,0.0028455614656531093,0.0028455614656531093
Power consumption,0.0053978529427571795,0.0053978529427571795
Fan1 speed,0.13065764861663037,0.13065764861663037
Fan2 speed,0.1488077316643745,0.1488077316643745
CPU2 Temp,17.613316871673035,17.613316871673035
Memory usage,100.83003559122525,100.83003559122525
CPU1 Temp,390.1930028960692,390.1930028960692
