feature_name,0,2
CPU2 Temp,0.020081407241190025,0.020081407241190025
Power consumption,0.0830919681809523,0.0830919681809523
Fan1 speed,0.09753021568840917,0.09753021568840917
Memory usage,0.1914137507262777,0.1914137507262777
Fan2 speed,0.34923582935153535,0.34923582935153535
CPU1 Temp,0.3980864823147834,0.3980864823147834
Fan4 speed,0.5934804721853288,0.5934804721853288
Inlet Temp,1.0873238643691598,1.0873238643691598
Fan3 speed,5.1247124035630245,5.1247124035630245
