feature_name,0,2
Fan1 speed,0.0,0.0
Fan2 speed,0.0,0.0
Fan4 speed,0.0,0.0
Fan3 speed,0.0002866869828955067,0.0002866869828955067
CPU1 Temp,0.045305134948944004,0.045305134948944004
Memory usage,0.046917909976958,0.046917909976958
Inlet Temp,0.4530164173357693,0.4530164173357693
CPU2 Temp,1.0797538927582908,1.0797538927582908
Power consumption,1.5859339676033726,1.5859339676033726
