feature_name,0,2
Fan2 speed,0.005207717294701289,0.005207717294701289
Fan3 speed,0.005577640848195876,0.005577640848195876
CPU1 Temp,0.055794127772848014,0.055794127772848014
Fan4 speed,0.2353688641511323,0.2353688641511323
Power consumption,0.3924993601112486,0.3924993601112486
CPU2 Temp,0.4143821423710359,0.4143821423710359
Memory usage,0.5458194958321203,0.5458194958321203
Fan1 speed,0.839907710060416,0.839907710060416
Inlet Temp,1.723302086813949,1.723302086813949
