feature_name,0,2
Fan2 speed,0.0,0.0
Fan4 speed,0.0006483844417647574,0.0006483844417647574
Memory usage,0.13987558209206366,0.13987558209206366
CPU2 Temp,0.15596355238506643,0.15596355238506643
Fan1 speed,0.28438122600569143,0.28438122600569143
CPU1 Temp,0.6066127068903074,0.6066127068903074
Inlet Temp,0.8371419899732483,0.8371419899732483
Power consumption,1.9145908822176354,1.9145908822176354
Fan3 speed,1.924825224034423,1.924825224034423
