feature_name,0,2
Inlet Temp,0.0,0.0
Fan1 speed,0.0,0.0
Fan2 speed,0.0,0.0
Fan3 speed,0.0,0.0
Fan4 speed,0.0,0.0
CPU1 Temp,0.00791793329005507,0.00791793329005507
CPU2 Temp,0.026735431716106723,0.026735431716106723
Memory usage,0.07392361387916893,0.07392361387916893
Power consumption,0.09638105314534497,0.09638105314534497
