feature_name,0,2
CPU2 Temp,0.0,0.0
Inlet Temp,0.0,0.0
Fan2 speed,0.0,0.0
Fan4 speed,0.0,0.0
CPU1 Temp,0.0006069764954610971,0.0006069764954610971
Memory usage,0.13056446541413053,0.13056446541413053
Fan1 speed,0.337697017303174,0.337697017303174
Power consumption,0.5097733626382561,0.5097733626382561
Fan3 speed,0.5895845020050007,0.5895845020050007
