feature_name,0,2,3
Fan3 speed,0.0,0.0,0.0
Fan4 speed,0.0,0.0,0.0
Fan2 speed,0.0,0.0,0.007504011636841087
Fan1 speed,2.115918746763194,3.427077258451146,0.0
CPU2 Temp,1.7843742684143378,2.830727330386994,3.5670766799890683
Inlet Temp,26.982277538165082,0.0,22.957514626709553
CPU1 Temp,6.910345990387505,27.740935403219467,22.34047428692016
Power consumption,19.31123357284821,38.379721680478696,11.556414786839653
Memory usage,197.82287332677785,2.0829152547358794,222.72620395347187
