feature_name,0,2
Inlet Temp,9.087129132953533e-06,9.087129132953533e-06
Fan4 speed,1.1659672047768365e-05,1.1659672047768365e-05
Fan2 speed,0.4483389583509278,0.4483389583509278
Fan3 speed,0.8625703128936125,0.8625703128936125
Fan1 speed,1.5352159271150105,1.5352159271150105
CPU2 Temp,3.230788865945952,3.230788865945952
CPU1 Temp,30.696536428374554,30.696536428374554
Memory usage,34.02358609266722,34.02358609266722
Power consumption,213.63725519757602,213.63725519757602
