feature_name,0,2
Fan4 speed,0.0005395582747173089,0.0005395582747173089
Inlet Temp,0.0024103816266032637,0.0024103816266032637
Fan2 speed,0.00967455642014702,0.00967455642014702
Fan3 speed,0.015382544033708393,0.015382544033708393
Fan1 speed,0.023074548151873046,0.023074548151873046
Memory usage,0.07713171122608192,0.07713171122608192
Power consumption,0.6340958029208017,0.6340958029208017
CPU1 Temp,0.6744462801326335,0.6744462801326335
CPU2 Temp,5.129641192771891,5.129641192771891
