feature_name,0,2
Fan1 speed,0.0,0.0
Fan4 speed,0.0,0.0
Inlet Temp,8.673617379884035e-19,8.673617379884035e-19
Fan3 speed,1.7076184216646695e-18,1.7076184216646695e-18
Fan2 speed,0.00040934628062601276,0.00040934628062601276
Memory usage,0.002434626083017566,0.002434626083017566
Power consumption,0.10575097404705142,0.10575097404705142
CPU2 Temp,0.7727645550120024,0.7727645550120024
CPU1 Temp,3.1739335658142322,3.1739335658142322
