feature_name,0,2
Fan3 speed,0.0,0.0
Fan1 speed,0.01801964807414857,0.01801964807414857
Fan4 speed,0.036632954569145705,0.036632954569145705
CPU2 Temp,0.04918683593046686,0.04918683593046686
Fan2 speed,0.09376598496278474,0.09376598496278474
Power consumption,0.15357421988469747,0.15357421988469747
Memory usage,0.1952126291621104,0.1952126291621104
CPU1 Temp,0.2110270217519271,0.2110270217519271
Inlet Temp,0.40369027298370946,0.40369027298370946
