feature_name,0,2
Fan3 speed,5.605325231750058e-17,5.605325231750058e-17
Fan4 speed,1.822576000585184e-07,1.822576000585184e-07
Fan2 speed,9.10698230873505e-06,9.10698230873505e-06
Fan1 speed,0.0021611560952371437,0.0021611560952371437
Inlet Temp,0.0036388400346459874,0.0036388400346459874
Power consumption,0.07452107046736134,0.07452107046736134
Memory usage,11.3259347541925,11.3259347541925
CPU2 Temp,74.19692122656504,74.19692122656504
CPU1 Temp,281.2405849424206,281.2405849424206
