feature_name,0,2
Inlet Temp,0.0,0.0
Fan1 speed,0.0,0.0
Fan2 speed,0.0,0.0
Fan3 speed,0.0,0.0
Fan4 speed,0.0,0.0
Memory usage,0.0017791050175931687,0.0017791050175931687
CPU1 Temp,0.031603383280426285,0.031603383280426285
Power consumption,0.061104256467952145,0.061104256467952145
CPU2 Temp,0.10656991141908718,0.10656991141908718
