feature_name,0,2
Fan1 speed,0.0,0.0
Fan2 speed,0.0,0.0
Fan3 speed,0.0,0.0
Fan4 speed,0.0,0.0
Inlet Temp,0.38031906982000385,0.38031906982000385
Memory usage,0.5382741431433699,0.5382741431433699
CPU2 Temp,3.8787289221174084,3.8787289221174084
CPU1 Temp,46.207666474142385,46.207666474142385
Power consumption,47.22565128730641,47.22565128730641
