feature_name,0,2
Inlet Temp,0.0,0.0
Fan1 speed,0.0,0.0
Fan2 speed,0.0,0.0
Fan4 speed,0.0,0.0
CPU2 Temp,1.030778867918726e-05,1.030778867918726e-05
Fan3 speed,0.006340228112464772,0.006340228112464772
CPU1 Temp,0.03348284586735815,0.03348284586735815
Power consumption,0.03896197699291863,0.03896197699291863
Memory usage,0.06968640991893009,0.06968640991893009
