feature_name,0,3
Fan1 speed,0.0,0.0
Fan3 speed,0.0,0.0
Fan4 speed,0.0,0.0
Fan2 speed,4.98123487987015e-11,4.98123487987015e-11
Inlet Temp,5.9131751209938466e-09,5.9131751209938466e-09
CPU2 Temp,0.010242902763574294,0.010242902763574294
CPU1 Temp,0.014904226082514089,0.014904226082514089
Power consumption,0.03579214618134233,0.03579214618134233
Memory usage,0.11372046629970767,0.11372046629970767
