feature_name,0,2
Fan1 speed,0.0,0.0
Fan2 speed,0.0,0.0
Fan3 speed,0.0,0.0
Inlet Temp,0.0008858458858324227,0.0008858458858324227
Fan4 speed,0.03241794405621775,0.03241794405621775
CPU2 Temp,0.101435125249691,0.101435125249691
CPU1 Temp,0.10879518551929349,0.10879518551929349
Power consumption,0.11603010829120851,0.11603010829120851
Memory usage,0.24589656904158003,0.24589656904158003
