feature_name,0,2
Fan1 speed,0.0,0.0
Fan4 speed,5.393787488172999e-06,5.393787488172999e-06
Fan3 speed,1.4986661725084757e-05,1.4986661725084757e-05
Inlet Temp,2.8911825647300916e-05,2.8911825647300916e-05
Memory usage,0.0009626985619882382,0.0009626985619882382
Fan2 speed,0.0027297708435572473,0.0027297708435572473
CPU2 Temp,0.058498167811383645,0.058498167811383645
CPU1 Temp,0.21542429326629775,0.21542429326629775
Power consumption,0.9868870548873515,0.9868870548873515
