feature_name,0,2
Inlet Temp,0.0,0.0
Fan1 speed,0.0,0.0
Fan2 speed,0.0,0.0
Fan3 speed,0.0,0.0
Fan4 speed,0.0,0.0
CPU2 Temp,5.632607708607845e-05,5.632607708607845e-05
CPU1 Temp,0.011115447943792735,0.011115447943792735
Power consumption,0.056507784047804405,0.056507784047804405
Memory usage,0.059096522467589695,0.059096522467589695
