feature_name,0,2,3
Fan1 speed,0.0,0.0,0.0
Fan4 speed,0.0,0.0,0.0
Inlet Temp,1.9949319973733282e-17,0.0,2.959871930885427e-17
Fan2 speed,0.0,0.0,0.00012532435699112352
Fan3 speed,0.0,16.54772290797534,0.002404510741498169
Power consumption,10.917706001510512,28.755398630474154,0.7056716913944333
Memory usage,36.73712046060703,15.519325095019427,7.523089219688404
CPU2 Temp,29.421846948930487,31.045595154499217,37.16872784783631
CPU1 Temp,124.6818977839473,2.547942450787121,156.70379289667366
