feature_name,0,2
Fan4 speed,1.675344385712249e-07,1.675344385712249e-07
Inlet Temp,2.1229341582319067e-07,2.1229341582319067e-07
Fan2 speed,0.002861934811687849,0.002861934811687849
Fan3 speed,0.006654478947011357,0.006654478947011357
Fan1 speed,0.010536051134694718,0.010536051134694718
CPU2 Temp,0.02064387846619131,0.02064387846619131
Memory usage,0.09740160360816703,0.09740160360816703
CPU1 Temp,0.18346809265469047,0.18346809265469047
Power consumption,1.1532438105613065,1.1532438105613065
