feature_name,0,2
Fan3 speed,0.0,0.0
Fan1 speed,0.000550683350568133,0.000550683350568133
Inlet Temp,0.0009481885631333429,0.0009481885631333429
CPU2 Temp,0.0015512207730087233,0.0015512207730087233
Power consumption,0.00721364104215136,0.00721364104215136
Fan4 speed,0.01069968562417897,0.01069968562417897
CPU1 Temp,0.455746406250717,0.455746406250717
Fan2 speed,0.7483482228638163,0.7483482228638163
Memory usage,1.192336271174613,1.192336271174613
