feature_name,0,2
Inlet Temp,0.0,0.0
Fan1 speed,0.0,0.0
Fan4 speed,0.0005277049608762635,0.0005277049608762635
CPU1 Temp,0.11381643574090992,0.11381643574090992
Fan2 speed,0.14239741931009195,0.14239741931009195
CPU2 Temp,0.4161481108645309,0.4161481108645309
Fan3 speed,0.4692820326781184,0.4692820326781184
Power consumption,0.6068083685108486,0.6068083685108486
Memory usage,1.8785009697192598,1.8785009697192598
