feature_name,0,2
Inlet Temp,1.2859198200297801e-08,1.2859198200297801e-08
Fan2 speed,7.953596086159379e-07,7.953596086159379e-07
Fan4 speed,1.2287114989012818e-06,1.2287114989012818e-06
Fan1 speed,0.005037422830958167,0.005037422830958167
Memory usage,0.005941563407855705,0.005941563407855705
Fan3 speed,0.24629040228780794,0.24629040228780794
CPU1 Temp,13.034382586650137,13.034382586650137
Power consumption,74.10746812157261,74.10746812157261
CPU2 Temp,316.6170882808853,316.6170882808853
