feature_name,0,2
Fan2 speed,7.46625453850033e-06,7.46625453850033e-06
Inlet Temp,0.00032034235152273035,0.00032034235152273035
Fan4 speed,0.0008368635654663893,0.0008368635654663893
Fan3 speed,0.08097326375000996,0.08097326375000996
Memory usage,0.28282824373325594,0.28282824373325594
Fan1 speed,0.5267170249593768,0.5267170249593768
CPU1 Temp,1.0823724866298365,1.0823724866298365
Power consumption,3.7534983910057225,3.7534983910057225
CPU2 Temp,3.974828927198696,3.974828927198696
