feature_name,0,2
Fan1 speed,0.0,0.0
Fan3 speed,0.0,0.0
Fan4 speed,2.6906361106954386e-07,2.6906361106954386e-07
Inlet Temp,3.889781078693019e-06,3.889781078693019e-06
Fan2 speed,0.0003665595252366821,0.0003665595252366821
Memory usage,0.1784347875597895,0.1784347875597895
Power consumption,0.5065277752581464,0.5065277752581464
CPU2 Temp,1.9169761840635635,1.9169761840635635
CPU1 Temp,8.894027620136548,8.894027620136548
