feature_name,0,2
Fan4 speed,0.0058334738034873145,0.0058334738034873145
Fan1 speed,0.01810130928940542,0.01810130928940542
Fan3 speed,0.019287416732212827,0.019287416732212827
Inlet Temp,0.027196021732674498,0.027196021732674498
Fan2 speed,0.03571895857059924,0.03571895857059924
Memory usage,0.07263349793384014,0.07263349793384014
CPU2 Temp,0.11211329548136953,0.11211329548136953
CPU1 Temp,0.6125950436288845,0.6125950436288845
Power consumption,0.6694389899378715,0.6694389899378715
