feature_name,0,2
Fan1 speed,0.0,0.0
Fan2 speed,0.0,0.0
Fan3 speed,0.0,0.0
Inlet Temp,12.861405694127894,12.861405694127894
Fan4 speed,14.35556436064883,14.35556436064883
Power consumption,44.396981760589284,44.396981760589284
CPU1 Temp,45.949931042838685,45.949931042838685
CPU2 Temp,53.36822487289116,53.36822487289116
Memory usage,71.647853080978,71.647853080978
