feature_name,0,2
Fan3 speed,0.0,0.0
Fan4 speed,0.0011259396356158718,0.0011259396356158718
CPU1 Temp,0.06696452175816611,0.06696452175816611
Fan1 speed,4.04377898096883,4.04377898096883
Inlet Temp,6.114892162994438,6.114892162994438
Memory usage,10.524291745869466,10.524291745869466
Power consumption,17.587006026625367,17.587006026625367
CPU2 Temp,21.630650535973363,21.630650535973363
Fan2 speed,32.64545715043839,32.64545715043839
