feature_name,0,2
CPU1 Temp,0.0,0.0
CPU2 Temp,0.0,0.0
Memory usage,0.0,0.0
Fan1 speed,0.0,0.0
Fan3 speed,0.0,0.0
Fan4 speed,0.0,0.0
Fan2 speed,5.551115123125783e-17,5.551115123125783e-17
Inlet Temp,0.010538760976524508,0.010538760976524508
Power consumption,0.02059111760028487,0.02059111760028487
