feature_name,0,2
Fan4 speed,0.0,0.0
Inlet Temp,2.162494737098508e-09,2.162494737098508e-09
Fan3 speed,1.2063012209788393e-08,1.2063012209788393e-08
Fan2 speed,5.552690455438297e-08,5.552690455438297e-08
Fan1 speed,9.525342575391043e-06,9.525342575391043e-06
Power consumption,1.8349887406635124e-05,1.8349887406635124e-05
CPU1 Temp,0.42352403461466315,0.42352403461466315
CPU2 Temp,2.1480328064309435,2.1480328064309435
Memory usage,2.1759920560088926,2.1759920560088926
