feature_name,0,2
Inlet Temp,0.0,0.0
Fan4 speed,0.0,0.0
Fan2 speed,6.539297236498286e-08,6.539297236498286e-08
Fan3 speed,8.763703158656637e-06,8.763703158656637e-06
Fan1 speed,1.6809882551370968e-05,1.6809882551370968e-05
CPU2 Temp,0.004753611415975776,0.004753611415975776
Power consumption,0.04351147944901543,0.04351147944901543
CPU1 Temp,0.20123078714093393,0.20123078714093393
Memory usage,0.8085841457163568,0.8085841457163568
