feature_name,0,2
Inlet Temp,0.0,0.0
Fan2 speed,4.755644244201773e-07,4.755644244201773e-07
Fan1 speed,4.862460733184686e-07,4.862460733184686e-07
Fan4 speed,1.5159392533235349e-05,1.5159392533235349e-05
Fan3 speed,0.0001405152121146027,0.0001405152121146027
Memory usage,0.0118447935875223,0.0118447935875223
CPU2 Temp,0.08880623828785172,0.08880623828785172
Power consumption,0.11888173500368901,0.11888173500368901
CPU1 Temp,0.6031289497235612,0.6031289497235612
