feature_name,0,2
Inlet Temp,0.0,0.0
Memory usage,0.0,0.0
Fan2 speed,0.0,0.0
Fan1 speed,3.1502267717127856e-06,3.1502267717127856e-06
CPU2 Temp,0.007861261936968367,0.007861261936968367
Fan4 speed,0.013078515815583476,0.013078515815583476
Fan3 speed,0.0236127629959727,0.0236127629959727
CPU1 Temp,0.08452883582637538,0.08452883582637538
Power consumption,0.18011727779524547,0.18011727779524547
