feature_name,0,2
Inlet Temp,0.0,0.0
Fan3 speed,0.0,0.0
Fan4 speed,0.0,0.0
CPU2 Temp,1.793059780532232e-05,1.793059780532232e-05
Fan2 speed,5.3423631483062056e-05,5.3423631483062056e-05
CPU1 Temp,0.00026729285505630715,0.00026729285505630715
Fan1 speed,0.023869224863651776,0.023869224863651776
Power consumption,0.048671454080086815,0.048671454080086815
Memory usage,0.05980988996826934,0.05980988996826934
