feature_name,0,2
Fan1 speed,0.0,0.0
Fan4 speed,0.0003383795685473743,0.0003383795685473743
Inlet Temp,0.0012395772945563723,0.0012395772945563723
Fan3 speed,0.003174174953372614,0.003174174953372614
Memory usage,0.21399823115338257,0.21399823115338257
Fan2 speed,0.5241840828509391,0.5241840828509391
CPU2 Temp,9.753891445224198,9.753891445224198
CPU1 Temp,39.61165563204034,39.61165563204034
Power consumption,186.37994447438115,186.37994447438115
