feature_name,0,2
Fan3 speed,0.029668663910771425,0.029668663910771425
Fan4 speed,0.055507624924908475,0.055507624924908475
CPU2 Temp,0.08302385312706155,0.08302385312706155
Inlet Temp,0.26804666522030623,0.26804666522030623
Fan1 speed,0.46658401866316473,0.46658401866316473
Fan2 speed,0.47829668389253654,0.47829668389253654
Memory usage,0.8912365406556315,0.8912365406556315
CPU1 Temp,1.242142291138804,1.242142291138804
Power consumption,4.694587866219239,4.694587866219239
