feature_name,0,2
Fan2 speed,0.0,0.0
Inlet Temp,2.276209469243874e-06,2.276209469243874e-06
Fan4 speed,0.00019651824238921972,0.00019651824238921972
Fan3 speed,0.0069242006354421366,0.0069242006354421366
Memory usage,0.008538716394912403,0.008538716394912403
Fan1 speed,0.06743283784240754,0.06743283784240754
CPU1 Temp,0.14661086846510507,0.14661086846510507
CPU2 Temp,0.6775032110651137,0.6775032110651137
Power consumption,3.0923063312758208,3.0923063312758208
