feature_name,0,2
Inlet Temp,0.0,0.0
Fan4 speed,1.8929812884614866e-05,1.8929812884614866e-05
CPU2 Temp,0.01033015188369622,0.01033015188369622
Fan3 speed,0.015891138652794134,0.015891138652794134
Fan1 speed,0.05754686154755345,0.05754686154755345
Fan2 speed,0.12601013765626812,0.12601013765626812
Power consumption,0.19362766759247996,0.19362766759247996
CPU1 Temp,0.2090520490470274,0.2090520490470274
Memory usage,0.4665503941427153,0.4665503941427153
