feature_name,0,2
CPU1 Temp,0.0,0.0
Inlet Temp,0.0,0.0
Fan2 speed,0.0,0.0
Fan3 speed,0.0,0.0
Fan1 speed,0.0030368241658010834,0.0030368241658010834
Fan4 speed,0.00829645645271077,0.00829645645271077
CPU2 Temp,0.009110705625054137,0.009110705625054137
Power consumption,0.02490103378202863,0.02490103378202863
Memory usage,0.026298344937448988,0.026298344937448988
