feature_name,0,2
Inlet Temp,0.0,0.0
Fan4 speed,0.0,0.0
Fan1 speed,2.220446049250313e-16,2.220446049250313e-16
Memory usage,0.02422284707726237,0.02422284707726237
Fan2 speed,0.05461853185536883,0.05461853185536883
CPU2 Temp,0.2312348822555895,0.2312348822555895
CPU1 Temp,0.2966290988160806,0.2966290988160806
Fan3 speed,0.32398401026865675,0.32398401026865675
Power consumption,1.5095992213797504,1.5095992213797504
