feature_name,0,2
Inlet Temp,0.0,0.0
Fan1 speed,0.0,0.0
Fan3 speed,0.0,0.0
Fan4 speed,0.0,0.0
Fan2 speed,0.00011445403568135495,0.00011445403568135495
CPU2 Temp,0.00929321867581338,0.00929321867581338
Power consumption,0.05578278979754693,0.05578278979754693
CPU1 Temp,0.05782709013846279,0.05782709013846279
Memory usage,0.08767943828487493,0.08767943828487493
