feature_name,0,2
Inlet Temp,0.0,0.0
Fan2 speed,0.0,0.0
Fan4 speed,3.839240473318614e-06,3.839240473318614e-06
Fan3 speed,0.0007866534259511363,0.0007866534259511363
CPU2 Temp,0.002252731377086689,0.002252731377086689
Fan1 speed,0.0044290943715586065,0.0044290943715586065
CPU1 Temp,0.010490710553588094,0.010490710553588094
Memory usage,0.53921013901633,0.53921013901633
Power consumption,0.6165721858452852,0.6165721858452852
