feature_name,0,2
Fan1 speed,0.0,0.0
Fan3 speed,0.0,0.0
Fan2 speed,1.52080366650105e-05,1.52080366650105e-05
Fan4 speed,9.827566943822771e-05,9.827566943822771e-05
CPU2 Temp,0.03285670666321147,0.03285670666321147
Memory usage,0.08162156066240071,0.08162156066240071
CPU1 Temp,0.10943567061553529,0.10943567061553529
Inlet Temp,0.13137846069719727,0.13137846069719727
Power consumption,0.30414448089585416,0.30414448089585416
