feature_name,0,3
Fan2 speed,0.0,0.0
Fan4 speed,0.0,0.0
Fan3 speed,0.023725135720473783,0.023725135720473783
Fan1 speed,0.03442310364857725,0.03442310364857725
CPU2 Temp,0.10229348478992785,0.10229348478992785
Inlet Temp,0.12305390213010625,0.12305390213010625
CPU1 Temp,0.26985787154564994,0.26985787154564994
Memory usage,0.46884903015106744,0.46884903015106744
Power consumption,1.4333543303788976,1.4333543303788976
