feature_name,0,2
Fan4 speed,0.0,0.0
Inlet Temp,7.459356839416374e-05,7.459356839416374e-05
Fan2 speed,0.0002930963518246784,0.0002930963518246784
Fan3 speed,0.06700428487098413,0.06700428487098413
Power consumption,0.08748476257323955,0.08748476257323955
Memory usage,0.12052704723923328,0.12052704723923328
CPU1 Temp,0.21455435509927828,0.21455435509927828
Fan1 speed,0.2378882541401613,0.2378882541401613
CPU2 Temp,0.590431848673887,0.590431848673887
