feature_name,0,2
Fan2 speed,0.0,0.0
Fan1 speed,2.6020852139652106e-17,2.6020852139652106e-17
Fan3 speed,5.722008428522309e-07,5.722008428522309e-07
Fan4 speed,0.015129170577751483,0.015129170577751483
CPU2 Temp,0.0162880928749282,0.0162880928749282
Power consumption,0.08408726977826314,0.08408726977826314
Memory usage,0.1373186286370964,0.1373186286370964
CPU1 Temp,0.1799148647280403,0.1799148647280403
Inlet Temp,0.21025157278999856,0.21025157278999856
