feature_name,0,2
Fan1 speed,0.0,0.0
Fan2 speed,0.0,0.0
Fan3 speed,0.0,0.0
Fan4 speed,0.0,0.0
Inlet Temp,1.6431300764452317e-14,1.6431300764452317e-14
CPU2 Temp,0.20795573903385445,0.20795573903385445
Power consumption,14.916067050354869,14.916067050354869
CPU1 Temp,15.301071127794325,15.301071127794325
Memory usage,30.148427794931596,30.148427794931596
