feature_name,0,2
CPU1 Temp,0.0,0.0
Fan1 speed,0.0,0.0
Fan2 speed,0.0,0.0
Fan3 speed,0.0,0.0
Fan4 speed,5.707113919120425e-07,5.707113919120425e-07
CPU2 Temp,0.005029616417921828,0.005029616417921828
Memory usage,0.006148236696291763,0.006148236696291763
Inlet Temp,0.009676907143767772,0.009676907143767772
Power consumption,0.049426982413424275,0.049426982413424275
