feature_name,0,2
Inlet Temp,0.0,0.0
Fan1 speed,0.0,0.0
Fan2 speed,0.0,0.0
Fan3 speed,0.0,0.0
CPU2 Temp,0.00025030344403321667,0.00025030344403321667
CPU1 Temp,0.0022463424355998575,0.0022463424355998575
Fan4 speed,0.006753533971849989,0.006753533971849989
Memory usage,0.12085459695011727,0.12085459695011727
Power consumption,0.13252910664325623,0.13252910664325623
