feature_name,0,2
Inlet Temp,0.0,0.0
Fan4 speed,3.4778340879220966e-06,3.4778340879220966e-06
Fan3 speed,0.0004708297396558577,0.0004708297396558577
Memory usage,0.005581349064719257,0.005581349064719257
Fan1 speed,0.007344207825731606,0.007344207825731606
Fan2 speed,0.01681741967370638,0.01681741967370638
CPU2 Temp,0.1106198940246027,0.1106198940246027
CPU1 Temp,0.1939264939072027,0.1939264939072027
Power consumption,1.0002551825791273,1.0002551825791273
