feature_name,0,2
CPU2 Temp,0.0,0.0
Inlet Temp,0.0,0.0
Fan1 speed,0.0,0.0
Fan4 speed,0.0,0.0
CPU1 Temp,0.00022630903069530226,0.00022630903069530226
Fan2 speed,0.0007718033137475778,0.0007718033137475778
Fan3 speed,0.0758871556279661,0.0758871556279661
Power consumption,0.12411540965310587,0.12411540965310587
Memory usage,0.12977854820840998,0.12977854820840998
