feature_name,0,2
Inlet Temp,6.182120787512346e-16,6.182120787512346e-16
Fan2 speed,0.0005899519087532779,0.0005899519087532779
Fan1 speed,0.005306380449661564,0.005306380449661564
Power consumption,0.009138638540648813,0.009138638540648813
Fan4 speed,0.021596232608868497,0.021596232608868497
Fan3 speed,0.4992129015209085,0.4992129015209085
Memory usage,10.013668652740696,10.013668652740696
CPU2 Temp,66.8148749597738,66.8148749597738
CPU1 Temp,295.4944156552702,295.4944156552702
