feature_name,0,2,3
Fan3 speed,0.0,0.0,0.0
Fan4 speed,0.0,0.0,0.0
Fan2 speed,0.007136925943764362,0.0,0.05983573565240429
Fan1 speed,0.0,0.0,0.12222411709368579
CPU2 Temp,1.6732301924029138,4.098628534367623,4.847039192235343
Power consumption,1.3278395320410357,5.173916178477216,4.776739337669829
CPU1 Temp,21.936832633772983,15.245469429203558,35.25819738543366
Inlet Temp,71.42763585350976,8.802791478707343,1.001539367887728
Memory usage,121.47741821782516,13.370661259013444,178.0809377198526
