feature_name,0,2
Fan1 speed,0.0,0.0
Fan2 speed,0.0,0.0
Fan4 speed,0.0,0.0
Fan3 speed,1.0965312696637288e-05,1.0965312696637288e-05
CPU2 Temp,0.0055792810230424735,0.0055792810230424735
Power consumption,0.06323879061486871,0.06323879061486871
Inlet Temp,0.09158698730909608,0.09158698730909608
CPU1 Temp,0.15088443607055385,0.15088443607055385
Memory usage,0.16206988456624158,0.16206988456624158
