feature_name,0,3
CPU2 Temp,0.0008497217658997247,0.0008497217658997247
CPU1 Temp,0.002503622563921749,0.002503622563921749
Fan1 speed,0.00676117555953189,0.00676117555953189
Fan4 speed,0.013657348427822662,0.013657348427822662
Fan3 speed,0.04047917690212088,0.04047917690212088
Fan2 speed,0.12820150784856665,0.12820150784856665
Inlet Temp,0.5630592796425329,0.5630592796425329
Memory usage,1.7578907355710403,1.7578907355710403
Power consumption,3.2753293272242234,3.2753293272242234
