feature_name,0,2
Inlet Temp,0.010790048938814302,0.010790048938814302
Memory usage,0.10968604140524887,0.10968604140524887
Fan1 speed,0.1640222369565868,0.1640222369565868
Fan2 speed,0.1658585856133322,0.1658585856133322
CPU2 Temp,0.17634469566674607,0.17634469566674607
Power consumption,0.2510019020956424,0.2510019020956424
Fan3 speed,1.032352627392642,1.032352627392642
CPU1 Temp,1.0371028960158535,1.0371028960158535
Fan4 speed,1.1627540340050888,1.1627540340050888
