feature_name,0,2
Fan1 speed,0.029158553648645835,0.029158553648645835
Fan3 speed,0.05359014032581177,0.05359014032581177
CPU2 Temp,0.29482608675179856,0.29482608675179856
Inlet Temp,0.4959665033183366,0.4959665033183366
Fan4 speed,0.8032120793033783,0.8032120793033783
Fan2 speed,0.9664044952763673,0.9664044952763673
Memory usage,1.3246162200648777,1.3246162200648777
CPU1 Temp,1.539023996678804,1.539023996678804
Power consumption,5.045430859705569,5.045430859705569
