feature_name,0,2
Fan1 speed,0.0,0.0
Fan2 speed,0.0,0.0
Fan3 speed,0.0,0.0
Fan4 speed,0.056688786267378645,0.056688786267378645
CPU1 Temp,0.21059615502623047,0.21059615502623047
Inlet Temp,0.34825629559916516,0.34825629559916516
CPU2 Temp,0.46985348639619073,0.46985348639619073
Memory usage,0.8470340805874177,0.8470340805874177
Power consumption,1.2743644333832844,1.2743644333832844
