feature_name,0,2
Inlet Temp,0.0,0.0
Fan1 speed,0.0,0.0
Fan2 speed,0.0,0.0
Fan3 speed,0.0,0.0
Fan4 speed,0.0,0.0
Memory usage,8.809783220467367,8.809783220467367
CPU1 Temp,13.117230364796422,13.117230364796422
CPU2 Temp,15.504198796342248,15.504198796342248
Power consumption,44.86339950074689,44.86339950074689
