feature_name,0,2
Fan1 speed,0.0,0.0
Fan2 speed,0.0,0.0
Fan4 speed,0.0,0.0
CPU2 Temp,0.0001214785254113041,0.0001214785254113041
Fan3 speed,0.0003177177646247497,0.0003177177646247497
CPU1 Temp,0.010974338107938972,0.010974338107938972
Inlet Temp,0.16886576760700467,0.16886576760700467
Memory usage,0.26211123664496455,0.26211123664496455
Power consumption,0.27773407874036726,0.27773407874036726
