feature_name,2,4
Fan1 speed,0.0,0.0
Fan2 speed,0.0,0.0
Fan3 speed,0.0,0.0
Fan4 speed,3.617654321594766e-05,3.617654321594766e-05
Inlet Temp,8.52216737788165e-05,8.52216737788165e-05
CPU2 Temp,0.0022583709787115202,0.0022583709787115202
CPU1 Temp,0.023273710102103298,0.023273710102103298
Memory usage,0.05632963033667541,0.05632963033667541
Power consumption,0.2293397282543636,0.2293397282543636
