feature_name,0,2
Inlet Temp,0.0,0.0
Memory usage,0.009913642030917425,0.009913642030917425
CPU2 Temp,0.06708395864497069,0.06708395864497069
Fan4 speed,0.17457883827286574,0.17457883827286574
Fan3 speed,0.33133126766012355,0.33133126766012355
CPU1 Temp,0.4064410854163169,0.4064410854163169
Power consumption,0.7347815138535818,0.7347815138535818
Fan2 speed,0.7382074172037503,0.7382074172037503
Fan1 speed,1.8331805351258619,1.8331805351258619
