feature_name,0,2
Inlet Temp,0.0,0.0
Fan1 speed,0.0,0.0
Fan2 speed,0.0,0.0
Fan3 speed,0.0,0.0
CPU2 Temp,0.05471156518101206,0.05471156518101206
CPU1 Temp,0.7793241183067695,0.7793241183067695
Fan4 speed,1.4810518622071644,1.4810518622071644
Memory usage,18.877838796665504,18.877838796665504
Power consumption,24.844324687259963,24.844324687259963
