feature_name,0,6
CPU1 Temp,0.0,0.0
Inlet Temp,0.0,0.0
Power consumption,0.0,0.0
Fan1 speed,7.828764533453843e-05,7.828764533453843e-05
CPU2 Temp,0.013547713249414506,0.013547713249414506
Fan2 speed,0.016501476404765687,0.016501476404765687
Fan4 speed,0.035324220078112915,0.035324220078112915
Memory usage,0.04422415834379501,0.04422415834379501
Fan3 speed,0.04876972383098071,0.04876972383098071
