feature_name,0,2
Fan4 speed,0.005831000652059023,0.005831000652059023
CPU2 Temp,0.012646298343511515,0.012646298343511515
Fan3 speed,0.022804909895916412,0.022804909895916412
Fan2 speed,0.049394651881804634,0.049394651881804634
Inlet Temp,0.10666225051645126,0.10666225051645126
Memory usage,0.1499701015413389,0.1499701015413389
Fan1 speed,0.25468374662262533,0.25468374662262533
CPU1 Temp,0.3669463471576642,0.3669463471576642
Power consumption,2.7436470702983358,2.7436470702983358
