feature_name,0,2
CPU1 Temp,0.0,0.0
Fan1 speed,0.0,0.0
Fan2 speed,0.0,0.0
Fan3 speed,0.0,0.0
Fan4 speed,8.587924526911759e-05,8.587924526911759e-05
CPU2 Temp,1.254445506587458,1.254445506587458
Memory usage,1.5944562140846352,1.5944562140846352
Inlet Temp,3.097271214602592,3.097271214602592
Power consumption,6.400743931511669,6.400743931511669
