feature_name,0,2
Fan1 speed,0.0011004511343418537,0.0011004511343418537
CPU2 Temp,0.004084560927523885,0.004084560927523885
Inlet Temp,0.014950552662991274,0.014950552662991274
Fan3 speed,0.06440439820101801,0.06440439820101801
Memory usage,0.09527566364830618,0.09527566364830618
Fan4 speed,0.18538595255850726,0.18538595255850726
Fan2 speed,0.3268673470429106,0.3268673470429106
CPU1 Temp,0.6187587198999758,0.6187587198999758
Power consumption,0.6694895864709534,0.6694895864709534
