feature_name,0,2
Fan1 speed,0.0,0.0
Fan3 speed,0.0,0.0
Fan4 speed,0.0,0.0
CPU1 Temp,9.721396275312339e-08,9.721396275312339e-08
CPU2 Temp,5.19056901003589e-07,5.19056901003589e-07
Inlet Temp,0.0061040745128143606,0.0061040745128143606
Memory usage,0.025066055260659262,0.025066055260659262
Fan2 speed,0.025165852182452923,0.025165852182452923
Power consumption,0.055368310017195825,0.055368310017195825
